,ticker,1d_price,1m_price,3m_price,6m_price,views_one_day,forwards_one_day,days_before_ipo_one_day,text_len_one_day,price_one_day,delta_price_one_day,delta_perc_one_day,open_one_day,delta_open_one_day,delta_perc_on_ipo_date_one_day,positive_score_one_day,neutral_score_one_day,negative_score_one_day,views_x_positive_one_day,forwards_x_positive_one_day,views_div_by_days_one_day,forwards_div_by_days_one_day,text_len_div_by_days_one_day,positive_score_div_by_days_one_day,views_x_positive_div_by_days_one_day,forwards_x_positive_div_by_days_one_day,views_one_week,forwards_one_week,days_before_ipo_one_week,text_len_one_week,price_one_week,delta_price_one_week,delta_perc_one_week,open_one_week,delta_open_one_week,delta_perc_on_ipo_date_one_week,positive_score_one_week,neutral_score_one_week,negative_score_one_week,views_x_positive_one_week,forwards_x_positive_one_week,views_div_by_days_one_week,forwards_div_by_days_one_week,text_len_div_by_days_one_week,positive_score_div_by_days_one_week,views_x_positive_div_by_days_one_week,forwards_x_positive_div_by_days_one_week,views_one_month,forwards_one_month,days_before_ipo_one_month,text_len_one_month,price_one_month,delta_price_one_month,delta_perc_one_month,open_one_month,delta_open_one_month,delta_perc_on_ipo_date_one_month,positive_score_one_month,neutral_score_one_month,negative_score_one_month,views_x_positive_one_month,forwards_x_positive_one_month,views_div_by_days_one_month,forwards_div_by_days_one_month,text_len_div_by_days_one_month,positive_score_div_by_days_one_month,views_x_positive_div_by_days_one_month,forwards_x_positive_div_by_days_one_month,views_all,forwards_all,days_before_ipo_all,text_len_all,price_all,delta_price_all,delta_perc_all,open_all,delta_open_all,delta_perc_on_ipo_date_all,positive_score_all,neutral_score_all,negative_score_all,views_x_positive_all,forwards_x_positive_all,views_div_by_days_all,forwards_div_by_days_all,text_len_div_by_days_all,positive_score_div_by_days_all,views_x_positive_div_by_days_all,forwards_x_positive_div_by_days_all,cnt_one_day,cnt_one_week,cnt_one_month,cnt_all
0,KLVZ,-0.147,,,,,,,,,,,,,,,,,,,,,,,,,15541.0,25.0,5.333333333333333,317.0,21.97,-0.7400000000000008,-0.025966666666666666,23.756666666666664,-1.3866666666666667,-0.025966666666666666,1.9506957133611043,-0.6162240902582804,-2.1141269207000732,15541.0,25.0,3101.004761904762,4.985714285714286,61.819047619047616,0.3601886990524474,3101.004761904762,4.985714285714286,17746.0,73.0,29.0,1631.0,24.23,2.6700000000000017,0.1238,22.13,-2.8100000000000023,0.1238,-1.0393928289413452,-0.0596942082047462,1.3655353784561155,17746.0,73.0,611.9310344827586,2.5172413793103448,56.241379310344826,-0.03584113203246018,611.9310344827586,2.5172413793103448,,,,,,,,,,,,,,,,,,,,,,,3.0,1.0,
1,DIAS,0.4,,,,41663.0,40.8235294117647,1.0,1065.1764705882354,19.45,-0.5399999999999991,-0.027,19.67,-2.2799999999999976,-0.027,0.08539258469553553,0.7562213193844346,-0.5051236433141372,41663.0,40.8235294117647,41663.0,40.8235294117647,1065.1764705882354,0.08539258469553553,41663.0,40.8235294117647,36171.875,31.375,2.875,1485.75,21.48,1.1325000000000003,0.0571375,19.5375,0.2599999999999989,0.0571375,-0.46618629223667085,0.887930047698319,0.03383812308311457,36171.875,31.375,14826.8125,14.208333333333334,655.4166666666666,-0.19817921228241175,14826.8125,14.208333333333334,34808.0,45.6,15.8,1928.6,23.8,0.6400000000000012,0.03270000000000002,24.084,0.8079999999999998,0.03270000000000002,-0.32274035215377805,1.064588412642479,-0.26060049533843993,34808.0,45.6,3169.172777777778,3.5419444444444443,184.60722222222222,-0.032236683103773325,3169.172777777778,3.5419444444444443,26305.5,37.3,34.6,1443.7,23.991999999999997,-0.7670000000000009,-0.02768,24.639999999999997,-0.641,-0.02768,-0.5870723187923431,0.7021645954810083,0.34943717718124395,26305.5,37.3,756.5246087593636,1.0338771383987602,41.73914111354939,-0.01708445375616793,756.5246087593636,1.0338771383987602,17.0,8.0,5.0,10.0
2,DELI,0.068,0.08,,,,,,,,,,,,,,,,,,,,,,,,,,,,,,,,,,,,,,,,,,,,,,,,,,,,,,,,,,,,,,,,,,,,,,,,,,,,,,,,,,,,,,,,,,
3,MGKL,-0.052,-0.01,,,21171.0,13.0,1.0,1069.0,28.35,1.4700000000000024,0.0547,27.92,0.6900000000000013,0.0547,0.0922650247812271,1.6084368228912354,-1.1425126791000366,21171.0,13.0,21171.0,13.0,1069.0,0.0922650247812271,21171.0,13.0,6456.0,4.0,6.0,1914.0,18.54,-2.2200000000000024,-0.1069,18.95,-2.460000000000001,-0.1069,0.1974905431270599,1.6288912296295166,-1.3190408945083618,6456.0,4.0,1076.0,0.6666666666666666,319.0,0.03291509052117665,1076.0,0.6666666666666666,8680.0,4.0,20.0,640.0,22.44,-2.669999999999998,-0.1063,25.04,0.6199999999999974,-0.1063,0.1755460053682327,1.8571234941482544,-1.3754793405532837,8680.0,4.0,434.0,0.2,32.0,0.008777300268411635,434.0,0.2,18705.8125,17.625,69.625,1473.9375,22.66125,0.005625000000000989,1.249999999999922e-05,23.420625,-0.5906249999999995,1.249999999999922e-05,-0.38622100558131933,0.96446588402614,-0.1235123239457607,18705.8125,17.625,273.2983846220554,0.24964791932018554,21.037273797656038,-0.006059700825815726,273.2983846220554,0.24964791932018554,1.0,1.0,1.0,16.0
4,SVCB,0.087,0.2,,,,,,,,,,,,,,,,,,,,,,,,15272.047619047618,39.19047619047619,4.666666666666667,1277.142857142857,25.36809523809524,-0.06857142857142848,-0.0023904761904761707,26.01380952380952,0.12190476190476218,-0.0023904761904761707,-0.008802869135425214,0.5422302165201733,-0.3402241979326521,15272.047619047618,39.19047619047619,4392.512358276644,12.067233560090703,303.8073696145125,-0.012574156931265689,4392.512358276644,12.067233560090703,15876.666666666666,34.0,13.777777777777779,1466.3333333333333,25.423333333333332,0.5944444444444446,0.0211,24.947777777777777,-0.16333333333333322,0.0211,-0.2575291130277846,1.172970017625226,-0.37323058976067436,15876.666666666666,34.0,1227.8875207313804,2.4413232641302813,109.01182040831164,-0.01777407046298767,1227.8875207313804,2.4413232641302813,34188.916666666664,39.291666666666664,64.0625,1233.75,22.994895833333334,-0.19958333333333356,-0.005838541666666663,24.006354166666668,1.1016666666666666,-0.005838541666666663,-0.26192543556680903,0.742198175090986,-0.13225032761693,34188.916666666664,39.291666666666664,560.2808617703139,0.6822631479987367,20.39073126549153,-0.003252295968120522,560.2808617703139,0.6822631479987367,,21.0,9.0,96.0
5,UGLD,0.038,0.15,0.46,,19357.0,9.0,1.0,966.0,22.98,0.5,0.0222,22.44,0.2600000000000015,0.0222,0.1377175748348236,1.727018117904663,-1.2926304340362549,19357.0,9.0,19357.0,9.0,966.0,0.1377175748348236,19357.0,9.0,8711.0,9.0,7.0,192.0,25.03,0.6099999999999994,0.025,24.52,0.8000000000000007,0.025,-1.0392801761627195,-0.0597832426428794,1.365397572517395,8711.0,9.0,1244.4285714285713,1.2857142857142858,27.428571428571427,-0.1484685965946742,1244.4285714285713,1.2857142857142858,4748.0,4.0,28.333333333333332,1189.3333333333333,25.213333333333335,-0.8333333333333309,-0.03216666666666667,26.936666666666667,0.8466666666666663,-0.03216666666666667,-0.16994405786196395,1.1115263725320499,-0.4892868598302205,4748.0,4.0,166.904214559387,0.13793103448275862,41.455087271179224,-0.005711208827549369,166.904214559387,0.13793103448275862,29925.866666666665,78.93333333333334,83.66666666666667,981.2666666666667,22.642,-0.7153333333333333,-0.02948,26.426666666666666,2.168666666666666,-0.02948,-0.18082859913508098,0.9932376126448313,-0.4455362677574158,29925.866666666665,78.93333333333334,363.66954925835745,0.9272396004411761,13.616915848339184,0.00014291483326712377,363.66954925835745,0.9272396004411761,1.0,1.0,3.0,15.0
6,EUTR,-0.108,-0.06,0.07,,23250.5,28.5,1.0,761.0,22.48,0.5300000000000011,0.0241,22.18,0.3200000000000003,0.0241,-0.4547826945781708,0.5282284244894981,0.19147381186485296,23250.5,28.5,23250.5,28.5,761.0,-0.4547826945781708,23250.5,28.5,12503.8,78.8,3.8,1483.4,23.066,0.6579999999999998,0.02998,22.736,0.4880000000000003,0.02998,-0.2592881113290787,0.9395402818918228,-0.2773793220520019,12503.8,78.8,4492.5,26.7,492.2666666666666,-0.07548822611570358,4492.5,26.7,21225.214285714286,22.928571428571427,15.857142857142858,1467.2857142857142,29.699285714285715,-0.09571428571428697,-0.003314285714285715,29.82357142857143,0.44142857142857267,-0.003314285714285715,-0.7884554298860686,0.3817386467541967,0.794502888407026,21225.214285714286,22.928571428571427,1596.6184877622377,1.9338952713952715,116.08632201132203,-0.06344347735456499,1596.6184877622377,1.9338952713952715,19725.727272727272,45.5,90.68181818181819,1572.8636363636363,23.055909090909093,-0.23818181818181794,-0.007522727272727277,24.12772727272727,0.6163636363636358,-0.007522727272727277,-0.07085484943606636,0.8238509520888329,-0.4386797005479986,19725.727272727272,45.5,264.85970431057973,0.7246896258511641,19.57288255021411,0.001039474419277563,264.85970431057973,0.7246896258511641,2.0,5.0,14.0,22.0
7,HNFG,-0.0069999999999999,-0.27,-0.11,,,,,,,,,,,,,,,,,,,,,,,,,,,,,,,,,,,,,,,,,,,,,,,,,,,,,,,,,,,,,,,,,18274.57843137255,27.058823529411764,282.51960784313724,1312.6470588235295,25.83480392156863,-0.4152941176470591,-0.01373431372549019,26.773333333333333,0.08284313725490254,-0.01373431372549019,-0.15300025892736135,0.7163236756973407,-0.2914837411805695,18274.57843137255,27.058823529411764,70.04084954435814,0.12399885835703968,5.649689010373387,-0.0008217717351050194,70.04084954435814,0.12399885835703968,,,,102.0
8,ASTR,0.4,0.51,0.57,,,,,,,,,,,,,,,,,,,,,,,22725.854166666668,38.104166666666664,4.270833333333333,1436.8541666666667,26.247083333333332,-0.3750000000000002,-0.014225000000000036,26.434166666666666,0.42562500000000064,-0.014225000000000036,0.08464750228449702,0.7559271240606904,-0.6080619158844153,22725.854166666668,38.104166666666664,5690.8953373015875,9.74970238095238,354.4670634920635,0.027763219047263855,5690.8953373015875,9.74970238095238,20418.58,41.87,19.31,1427.22,27.7944,0.8945000000000007,0.04022899999999999,26.9012,-0.9501000000000009,0.04022899999999999,-0.09041625063866379,0.6470330757647753,-0.3236939522624016,20418.58,41.87,1156.533381843777,2.3988621745967147,85.42166975687996,-0.00268170821862713,1156.533381843777,2.3988621745967147,25775.141141141143,61.42342342342342,91.24174174174175,1567.6756756756756,23.707087087087086,-0.06154654654654657,-0.0015481981981981955,24.262207207207204,0.24828828828828844,-0.0015481981981981955,-0.0612676082949459,0.6661074667450253,-0.37535879334753697,25775.141141141143,61.42342342342342,346.2234813521079,0.8625605556547168,21.784740633431497,-0.0007976167069185671,346.2234813521079,0.8625605556547168,,48.0,100.0,666.0
9,CARM,0.05,-0.07,-0.16,-0.27,,,,,,,,,,,,,,,,,,,,,,,,,,,,,,,,,,,,,,,,,,,,,,,,,,,,,,,,,,,,,,,,15178.858823529412,16.058823529411764,192.01176470588234,1197.4705882352941,26.59858823529412,-1.189058823529411,-0.030231764705882364,28.089058823529413,-1.000470588235294,-0.030231764705882364,-0.21262792909846587,0.813827055429711,-0.2603866864653195,15178.858823529412,16.058823529411764,95.47279447876778,0.10336867027759084,7.590531339668415,-0.0011736610226282607,95.47279447876778,0.10336867027759084,,,,85.0
10,GECO,0.959,0.7,0.87,2.29,13063.125,24.125,1.0,847.25,30.11,-0.5300000000000011,-0.0173,30.66,-0.6099999999999994,-0.0173,0.5278493892401457,0.06763488613069062,-0.6060276627540588,13063.125,24.125,13063.125,24.125,847.25,0.5278493892401457,13063.125,24.125,12917.285714285714,21.285714285714285,2.2857142857142856,715.5714285714286,28.138571428571428,-1.462857142857143,-0.04895714285714286,29.868571428571432,-0.7285714285714278,-0.04895714285714286,0.38723870047501147,1.0674597365515572,-1.1718049219676427,12917.285714285714,21.285714285714285,6078.142857142857,9.69047619047619,338.1904761904762,0.1848944138203348,6078.142857142857,9.69047619047619,12664.0,37.666666666666664,12.0,362.6666666666667,31.323333333333334,0.9866666666666646,0.03203333333333334,31.233333333333334,0.43000000000000327,0.03203333333333334,-0.23162693281968438,1.21756657709678,-0.45822366078694654,12664.0,37.666666666666664,1114.641414141414,3.4878787878787882,28.181818181818183,-0.02566832096287699,1114.641414141414,3.4878787878787882,87664.23076923077,195.6153846153846,218.5,1600.1153846153845,25.494615384615386,-0.3038461538461537,-0.006653846153846143,26.072307692307692,-0.6365384615384613,-0.006653846153846143,-0.09876971233349582,0.87335520506335,-0.4869784712791443,87664.23076923077,195.6153846153846,312.666253099889,0.8785596838973795,9.66592874753324,-0.000606939673986629,312.666253099889,0.8785596838973795,8.0,7.0,3.0,26.0
11,WUSH,0.002,-0.12,0.06,0.15,20184.5,20.5,1.0,479.5,31.12,2.280000000000001,0.0791,29.47,-2.02,0.0791,0.18471425026655192,1.868050456047058,-1.384704351425171,20184.5,20.5,20184.5,20.5,479.5,0.18471425026655192,20184.5,20.5,14134.2,32.0,2.8,281.4,32.174,-0.052000000000001025,-0.0009000000000000001,32.712,2.6060000000000003,-0.0009000000000000001,-0.07502742409706116,1.171371477842331,-0.6147374272346496,14134.2,32.0,6640.633333333333,15.133333333333331,137.16666666666669,-0.05086616774400075,6640.633333333333,15.133333333333331,27808.0,181.6,18.4,1503.8,34.272000000000006,1.1180000000000008,0.033,34.376,0.8320000000000001,0.033,0.5541891932487488,0.46732823401689527,-0.942984139919281,27808.0,181.6,1777.481373584463,9.833606172622192,110.82498093058734,0.023130712765053407,1777.481373584463,9.833606172622192,21395.32320441989,75.97237569060773,290.8618784530387,1284.9944751381215,27.218701657458563,-0.0059392265193370965,0.0027350828729281783,27.65546961325967,0.26419889502762434,0.0027350828729281783,0.1112515895231241,0.5607452110197004,-0.5480726945795407,21395.32320441989,75.97237569060773,89.43819507501453,0.33392307008411815,5.535529004640217,0.00085474401002766,89.43819507501453,0.33392307008411815,2.0,5.0,5.0,362.0
12,POSI,0.292,-0.04,-1.0,0.1,,,,,,,,,,,,,,,,,,,,,,14724.333333333334,35.666666666666664,5.0,1201.3333333333333,32.25,-0.9700000000000012,-0.028499999999999998,33.35666666666666,-0.9166666666666666,-0.028499999999999998,-0.24251268307367965,1.2101104855537417,-0.44773566722869873,14724.333333333334,35.666666666666664,2770.85,5.966666666666666,243.0111111111111,-0.06746831685304643,2770.85,5.966666666666666,17661.333333333332,19.0,16.666666666666668,1654.5,49.24666666666667,0.8600000000000007,0.0098,48.78333333333333,-0.8050000000000009,0.0098,-0.40366258720556897,0.6239742500086626,0.07087804873784391,17661.333333333332,19.0,1213.1278058361393,1.332828282828283,108.9117845117845,-0.022776037435372407,1213.1278058361393,1.332828282828283,17349.594724220624,32.37649880095923,482.484412470024,1260.2781774580335,39.879160671462834,0.32393285371702646,0.013058752997601914,40.03880095923262,-0.24846522781774583,0.013058752997601914,-0.31347780102948775,0.49921440526092653,0.04993277541596255,17349.594724220624,32.37649880095923,56.431881308922655,0.12707496649077482,4.234842066427798,-0.0007782045651306654,56.431881308922655,0.12707496649077482,,3.0,6.0,417.0
13,SPBE,0.122,0.19,-0.19,-0.7,,,,,,,,,,,,,,,,,,,,,,15510.5,30.5,5.25,1469.75,32.4975,-0.21999999999999909,-0.00255,32.865,2.235000000000001,-0.00255,0.2108406201004982,0.6707330103963614,-0.841789036989212,15510.5,30.5,3269.541666666667,6.836309523809524,302.17857142857144,0.049672642013146764,3269.541666666667,6.836309523809524,15704.666666666666,46.0,15.666666666666666,1562.5555555555557,29.787777777777777,0.08666666666666521,0.001833333333333355,30.227777777777778,0.03777777777777697,0.001833333333333355,-0.1869115349319246,0.26706266485982477,0.07607776588863796,15704.666666666666,46.0,1202.436341744675,3.5592117758784423,107.80617283950617,-0.0038322181500147798,1202.436341744675,3.5592117758784423,19364.765135699374,44.92484342379958,458.1617954070981,1079.2640918580375,43.9355636743215,0.41860125260960346,0.011010751565762011,44.31963465553236,0.5529227557411273,0.011010751565762011,-0.2327668153620588,0.8602614967193307,-0.24446889964984206,19364.765135699374,44.92484342379958,71.63680299956157,0.23971261291738913,4.3116822370236,-0.0009648234558577235,71.63680299956157,0.23971261291738913,,4.0,9.0,958.0
14,CIAN,0.017,-0.13,-0.46,-0.73,,,,,,,,,,,,,,,,,,,,,,,,,,,,,,,,,,,,,,,,,,,,,,,,,,,,,,,,,,,,,,,,16510.632183908045,61.01149425287356,665.971264367816,1467.183908045977,37.63672413793103,0.11000000000000003,0.006570114942528738,37.980000000000004,-0.44252873563218376,0.006570114942528738,-0.22758938484536162,0.5197015470214958,-0.04470544471137825,16510.632183908045,61.01149425287356,31.66030282114068,0.1407922506791607,3.1980715222594402,-0.0007839050138136627,31.66030282114068,0.1407922506791607,,,,174.0
15,RENI,-0.017,-0.05,-0.39,-0.66,13590.666666666666,27.0,1.0,713.3333333333334,25.790000000000003,-1.0399999999999991,-0.0388,26.86,0.91,-0.0388,-0.18206971883773806,1.0099286884069445,-0.4551936785380044,13590.666666666666,27.0,13590.666666666666,27.0,713.3333333333334,-0.18206971883773806,13590.666666666666,27.0,,,,,,,,,,,,,,,,,,,,,,12151.5,19.0,21.25,792.6666666666666,27.0575,0.6216666666666653,0.023783333333333333,26.953333333333333,0.9333333333333332,0.023783333333333333,-0.2271034270524979,1.1223101907720168,-0.4283039172490437,12151.5,19.0,758.034399891856,1.098385776017355,39.74647298770106,-0.011403884256634153,758.034399891856,1.098385776017355,14880.574162679426,32.645933014354064,570.4832535885167,1122.8564593301435,35.076220095693785,0.09325358851674635,0.008111483253588517,35.33325358851675,-0.2511004784688992,0.008111483253588517,-0.08835173154062634,0.9062637366247519,-0.4899405550443385,14880.574162679426,32.645933014354064,41.52967786000266,0.134448401516478,3.843506535405387,-0.0003545652718888997,41.52967786000266,0.134448401516478,3.0,,12.0,209.0
16,GEMC,-0.001,-0.06,0.16,0.09,5702.0,1.0,1.0,689.0,21.5,-0.4600000000000008,-0.0209,22.06,0.1699999999999981,-0.0209,0.2208500206470489,1.698827862739563,-1.3818376064300537,5702.0,1.0,5702.0,1.0,689.0,0.2208500206470489,5702.0,1.0,5768.0,6.5,4.25,710.25,23.5225,1.4550000000000005,0.0688,22.27,0.33750000000000124,0.0688,-0.400410708039999,0.7618574555963278,0.005543321371078547,5768.0,6.5,1375.2625,1.575,173.625,-0.10185956992208958,1375.2625,1.575,19530.5,48.85,21.3,1546.5,25.019,-0.3839999999999998,-0.017480000000000006,25.473,-0.20449999999999982,-0.017480000000000006,0.30606795772910117,0.757562730833888,-0.9442422896623611,19530.5,48.85,919.846107507435,2.280853047335806,76.85855449276139,0.017929636423711974,919.846107507435,2.280853047335806,21968.320235756386,61.177472167648986,587.8474132285527,1406.2220039292731,37.7147609692207,-0.0003667321545514444,0.0034417812704649643,38.160890635232484,0.13643745907007201,0.0034417812704649643,0.02114943338963053,0.6574325108499349,-0.4820652444369374,21968.320235756386,61.177472167648986,61.8927631084486,0.17517385143594233,4.368545549930068,3.475230823324743e-05,61.8927631084486,0.17517385143594233,1.0,4.0,20.0,1527.0
17,HMSG,-0.03,-0.29,-0.3,-0.28,,,,,,,,,,,,,,,,,,,,,,,,,,,,,,,,,,,,,,,,,,,12920.0,9.0,30.0,3229.0,21.0,-0.1499999999999985,-0.0070999999999999,21.23,-0.5399999999999991,-0.0070999999999999,-1.039254665374756,-0.0598031058907508,1.365342617034912,12920.0,9.0,430.6666666666667,0.3,107.63333333333334,-0.03464182217915854,430.6666666666667,0.3,18230.894736842107,51.1578947368421,538.9473684210526,1533.3157894736842,37.33526315789474,-0.7915789473684205,-0.001289473684210525,39.257894736842104,-0.665789473684211,-0.001289473684210525,-0.23041884052126035,1.030436867161801,-0.37038274815208033,18230.894736842107,51.1578947368421,43.13474416207089,0.0985917775487266,3.9906901645139388,-0.0009736816444084077,43.13474416207089,0.0985917775487266,,,1.0,19.0
18,SGZH,-0.004,-0.03,-0.09,0.36,4152.0,1.0,1.0,1174.0,26.25,-1.3299999999999983,-0.0482,27.52,-0.6799999999999997,-0.0482,-1.039287567138672,-0.0598368719220161,1.3654204607009888,4152.0,1.0,4152.0,1.0,1174.0,-1.039287567138672,4152.0,1.0,9981.75,4.5,3.75,1478.0,27.8875,-0.21999999999999975,-0.002924999999999997,27.622500000000002,-1.3999999999999986,-0.002924999999999997,-0.7160176336765289,0.3201553449034691,0.6875159740447998,9981.75,4.5,2923.0803571428573,1.5714285714285714,442.6696428571429,-0.20026039438588278,2923.0803571428573,1.5714285714285714,2565.0,4.0,29.0,1742.0,25.41,-0.4800000000000004,-0.0185,25.68,0.0599999999999987,-0.0185,0.7055670022964478,0.5466817617416382,-1.3009449243545532,2565.0,4.0,88.44827586206897,0.13793103448275862,60.06896551724138,0.024329896630911993,88.44827586206897,0.13793103448275862,13994.363117870722,24.05703422053232,634.8003802281369,1105.4201520912547,37.05060836501901,0.028935361216730102,0.0028636882129277567,37.44929657794677,-0.023288973384030475,0.0028636882129277567,-0.17993813768355,0.6648691573566243,-0.21800570376925596,13994.363117870722,24.05703422053232,30.621884980775384,0.056160298678860174,2.5652009642121194,-0.00039741663377477067,30.621884980775384,0.056160298678860174,1.0,4.0,1.0,526.0
19,FIXP,-0.01,-0.01,-0.15,-0.11,,,,,,,,,,,,,,,,,,,,,,,,,,,,,,,,,,,,,,,,,,,24794.666666666668,35.0,16.666666666666668,1046.3333333333333,25.39,-0.27999999999999875,-0.010833333333333334,25.83666666666667,-0.9599999999999996,-0.010833333333333334,0.4958354830741882,0.9674059003591537,-1.460998257001241,24794.666666666668,35.0,1557.4020467836256,2.036549707602339,58.07894736842105,0.03701908790577224,1557.4020467836256,2.036549707602339,17346.74045801527,24.27480916030534,529.1450381679389,1252.206106870229,39.971374045801525,0.06603053435114536,0.01022595419847328,40.39221374045802,-0.5633587786259544,0.01022595419847328,-0.16968944845081285,0.5755044700193951,-0.15759796912262913,17346.74045801527,24.27480916030534,60.71228794812775,0.08020388251698783,3.724428485124282,-0.00045413524759198705,60.71228794812775,0.08020388251698783,,,3.0,131.0
20,SVET,0.502,0.69,0.23,0.27,,,,,,,,,,,,,,,,,,,,,,,,,,,,,,,,,,,,,,,,,,,3491.0,19.0,13.0,2704.0,33.1,0.1900000000000048,0.0058,32.59,1.2800000000000047,0.0058,-1.0392905473709106,-0.0597653985023498,1.365373969078064,3491.0,19.0,268.53846153846155,1.4615384615384615,208.0,-0.07994542672083928,268.53846153846155,1.4615384615384615,16382.961538461539,29.0,657.7307692307693,1286.3076923076924,42.894615384615385,0.5180769230769245,0.0018346153846153844,42.53576923076923,-0.5642307692307701,0.0018346153846153844,0.0007580016703846182,1.2269998866205032,-0.8190239209395188,16382.961538461539,29.0,47.80025808979456,0.17771189360000714,2.9695819193275907,-0.0011003947657075828,47.80025808979456,0.17771189360000714,,,1.0,26.0
21,OKEY,-0.001,-0.03,-0.15,-0.22,,,,,,,,,,,,,,,,,,,,,,26274.0,43.0,7.0,811.0,36.1,4.82,0.1541,32.39,1.990000000000002,0.1541,0.1633844375610351,1.8534446954727173,-1.3625606298446655,26274.0,43.0,3753.4285714285716,6.142857142857143,115.85714285714286,0.023340633937290727,3753.4285714285716,6.142857142857143,29605.0,298.0,20.0,1034.0,32.63,-1.2100000000000009,-0.0358,33.34,-0.2099999999999937,-0.0358,0.3945015072822571,1.2374327182769775,-1.3937464952468872,29605.0,298.0,1480.25,14.9,51.7,0.019725075364112853,1480.25,14.9,14218.0,22.570652173913043,735.0434782608696,1418.4184782608695,41.887010869565216,-0.4067391304347827,-0.007042934782608694,42.76228260869566,-0.14293478260869566,-0.007042934782608694,-0.3394784876550345,0.6768230518488132,-0.013696253917220484,14218.0,22.570652173913043,27.970071992019534,0.04677851482153351,2.665623892600094,-0.0008493914962573367,27.970071992019534,0.04677851482153351,,1.0,1.0,184.0
22,OZON,0.134,0.18,0.85,0.51,18717.5,26.5,1.0,1713.5,30.05,1.0399999999999991,0.0358,29.31,0.1799999999999997,0.0358,-0.43532483279705053,0.8740912526845932,0.003276228904724121,18717.5,26.5,18717.5,26.5,1713.5,-0.43532483279705053,18717.5,26.5,5015.0,8.0,2.0,1302.0,30.21,0.1600000000000001,0.0053,29.77,0.4600000000000008,0.0053,-1.039494514465332,-0.0592583790421485,1.3657550811767578,5015.0,8.0,2507.5,4.0,651.0,-0.519747257232666,2507.5,4.0,9034.714285714286,19.714285714285715,19.0,381.57142857142856,50.48142857142857,9.647142857142855,0.1708285714285714,45.16571428571428,4.475714285714284,0.1708285714285714,0.1650062735591616,0.7190313392451831,-0.7756014295986721,9034.714285714286,19.714285714285715,518.2326486150015,1.0629969159380923,20.716436069377245,0.016892767795661585,518.2326486150015,1.0629969159380923,18761.08736349454,30.910296411856475,793.3205928237129,1222.9235569422776,39.06060842433697,0.009508580343213724,0.0036697347893915756,39.5436271450858,-0.024563182527300973,0.0036697347893915756,-0.21142343040984327,0.6894396419009243,-0.1811817168271207,18761.08736349454,30.910296411856475,29.772399022812888,0.04953546146266931,2.016427046247193,-0.00030900864332377413,29.772399022812888,0.04953546146266931,2.0,1.0,7.0,1282.0
23,MDMG,-0.048,-0.07,0.02,0.28,,,,,,,,,,,,,,,,,,,,,,,,,,,,,,,,,,,,,,,,,,,,,,,,,,,,,,,,,,,,,,,,13211.350282485875,17.796610169491526,762.7683615819209,1446.8926553672316,38.28056497175141,-0.6518079096045193,-0.001663841807909601,39.50045197740113,-0.4415254237288131,-0.001663841807909601,-0.24882220654711548,0.5108144389791677,-0.035505179968257396,13211.350282485875,17.796610169491526,30.407235543055066,0.040092105826681865,3.189622287406298,-0.0007132695733738844,30.407235543055066,0.040092105826681865,,,,177.0
24,SMLT,0.003,-0.01,0.01,0.62,,,,,,,,,,,,,,,,,,,,,,10913.0,14.0,4.0,1206.0,22.95,-1.1999999999999993,-0.0496999999999999,23.36,-0.4400000000000013,-0.0496999999999999,-1.039085865020752,-0.0596876367926597,1.3650232553482056,10913.0,14.0,2728.25,3.5,301.5,-0.259771466255188,2728.25,3.5,16641.25,17.5,21.75,1228.25,30.435,0.47000000000000064,0.017624999999999974,30.2125,0.11749999999999969,0.017624999999999974,-1.2292318940162659,-0.48471954464912415,2.0660785734653473,16641.25,17.5,907.3603174603174,1.0021693121693123,61.546349206349205,-0.059990786232014814,907.3603174603174,1.0021693121693123,16052.389768574909,36.814859926918395,816.7466504263094,1171.018270401949,37.889500609013396,0.16198538367844087,0.005714859926918393,38.350816077953716,0.3797320341047506,0.005714859926918393,-0.15881653159945278,0.7189547127593722,-0.27695006044098286,16052.389768574909,36.814859926918395,22.614502952631696,0.051309692167437373,1.9029832790427625,-0.00025473941479974927,22.614502952631696,0.051309692167437373,,1.0,4.0,821.0
25,GLTR,-0.06,-0.07,0.08,0.0,23021.0,36.0,1.0,1016.0,38.41,2.799999999999997,0.0786,37.21,4.539999999999999,0.0786,-1.039258599281311,-0.0598213523626327,1.3653533458709717,23021.0,36.0,23021.0,36.0,1016.0,-1.039258599281311,23021.0,36.0,,,,,,,,,,,,,,,,,,,,,,29410.0,38.0,15.0,1478.0,31.11,-1.509999999999998,-0.0463,32.76,0.6099999999999994,-0.0463,-1.039076805114746,-0.0599994361400604,1.3649998903274536,29410.0,38.0,1960.6666666666667,2.533333333333333,98.53333333333333,-0.06927178700764974,1960.6666666666667,2.533333333333333,23707.788059701492,37.188059701492534,863.1582089552239,1274.1044776119404,35.13113432835821,-0.3481194029850747,-0.00026298507462686147,36.024955223880596,-0.3489850746268657,-0.00026298507462686147,-0.044540365950774354,0.6918226556324247,-0.399769937458323,23707.788059701492,37.188059701492534,32.43273150060879,0.06020376283303603,1.875197680738603,-0.00012112581212283237,32.43273150060879,0.06020376283303603,1.0,,1.0,335.0
26,FLOT,-0.043,-0.08,-0.11,-0.14,,,,,,,,,,,,,,,,,,,,,,,,,,,,,,,,,,,,,,,,,,,,,,,,,,,,,,,,,,,,,,,,17370.426900584796,30.83820662768031,1006.1949317738791,1239.0311890838207,31.95395711500975,-0.2606822612085768,-0.006913060428849901,32.87245614035088,0.15116959064327468,-0.006913060428849901,-0.2614693807049511,0.8154215942650714,-0.20701156710555912,17370.426900584796,30.83820662768031,21.7821086283055,0.04021505159521645,1.6867124491634187,-0.00036554164629489465,21.7821086283055,0.04021505159521645,,,,513.0
27,HHRU,-0.003,-0.05,0.23,0.4,,,,,,,,,,,,,,,,,,,,,,3430.0,16.0,6.0,1204.0,19.65,-2.770000000000003,-0.1235999999999999,22.02,-2.460000000000001,-0.1235999999999999,0.3319048583507538,1.219269871711731,-1.3118014335632324,3430.0,16.0,571.6666666666666,2.6666666666666665,200.66666666666666,0.0553174763917923,571.6666666666666,2.6666666666666665,,,,,,,,,,,,,,,,,,,,,,23396.8,41.31232876712329,829.054794520548,1276.5890410958905,36.97104109589041,-0.2873698630136986,-0.0006660273972602731,37.64821917808219,-0.02693150684931521,-0.0006660273972602731,-0.23566917555074987,0.7277375530094317,-0.16956459304241284,23396.8,41.31232876712329,34.62215761059285,0.06278051337985228,1.920245599498802,-0.00028413830371794996,34.62215761059285,0.06278051337985228,,1.0,,365.0
28,VKCO,-0.02,0.19,0.29,0.17,,,,,,,,,,,,,,,,,,,,,,,,,,,,,,,,,,,,,,,,,,,,,,,,,,,,,,,,,,,,,,,,18606.073555932016,47.17902617629379,1034.1977703699656,1239.4082190283623,38.7203557571452,0.052081534510082524,0.003973648833269579,39.09540357396579,0.03772391933985464,0.003973648833269579,-0.1208450947376449,0.7642541744695017,-0.35716174251216054,18606.073555932016,47.17902617629379,21.05134368068624,0.06065270441347298,1.542728179216417,-0.00014807169943416483,21.05134368068624,0.06065270441347298,,,,18299.0
29,ETLN,-0.021,-0.19,-0.44,-0.26,,,,,,,,,,,,,,,,,,,,,,,,,,,,,,,,,,,,,,,,,,,,,,,,,,,,,,,,,,,,,,,,18841.965432098765,46.96049382716049,1032.7283950617284,1436.1135802469137,36.85669135802469,0.06533333333333328,0.004329629629629631,37.44730864197531,0.36051851851851885,0.004329629629629631,0.01934987734773276,0.5836067371346333,-0.4422863338464572,18841.965432098765,46.96049382716049,23.4975071606007,0.06427879337399431,1.960898964800478,-4.411362035450342e-05,23.4975071606007,0.06427879337399431,,,,405.0
30,TCSG,0.0,0.0,0.2,-0.22,,,,,,,,,,,,,,,,,,,,,,,,,,,,,,,,,,,,,,,,,,,,,,,,,,,,,,,,,,,,,,,,18912.978925184405,47.37987355110643,1140.6933614330874,1050.7328767123288,38.17281348788198,0.11261327713382507,0.0054227081138040045,38.44987881981032,-0.060648050579557376,0.0054227081138040045,-0.10751068439737976,0.7145909529465896,-0.32949580957188623,18912.978925184405,47.37987355110643,18.522307556389475,0.049800329150772774,1.0510259124097765,-8.921453643921956e-05,18.522307556389475,0.049800329150772774,,,,1898.0
31,GEMA,0.025,0.01,-0.01,0.13,,,,,,,,,,,,,,,,,,,,,,,,,,,,,,,,,,,,,,,,,,,,,,,,,,,,,,,,,,,,,,,,15911.611926605505,29.68348623853211,1325.667889908257,1145.9587155963302,33.420431192660544,-0.18158715596330283,-0.0038198165137614667,34.098403669724775,0.28844036697247694,-0.0038198165137614667,-0.22551232681763486,0.7293065016482606,-0.19787538087832818,15911.611926605505,29.68348623853211,11.87776472451468,0.02352336318514192,0.9369659856944089,-0.00019922060423541697,11.87776472451468,0.02352336318514192,,,,1090.0
32,FIVE,-0.0409999999999999,-0.08,-0.18,-0.24,,,,,,,,,,,,,,,,,,,,,,,,,,,,,,,,,,,,,,,,,,,,,,,,,,,,,,,,,,,,,,,,17658.979139504565,28.68057366362451,1768.8213820078226,1282.3181225554106,37.58920469361147,-0.08187744458930885,0.003652281616688395,38.0877444589309,-0.3411342894393743,0.003652281616688395,-0.11833988077516003,0.7009718084387296,-0.32972951233629844,17658.979139504565,28.68057366362451,10.115869723793633,0.017151113539380806,0.7595625485931319,-7.36556135991546e-05,10.115869723793633,0.017151113539380806,,,,767.0
33,GTRK,0.009,0.03,0.02,0.02,,,,,,,,,,,,,,,,,,,,,,,,,,,,,,,,,,,,,,,,,,,,,,,,,,,,,,,,,,,,,,,,12878.657142857142,28.314285714285713,2240.4857142857145,1110.0285714285715,36.641714285714286,-0.49942857142857194,0.005505714285714302,37.466857142857144,0.2440000000000012,0.005505714285714302,-0.2684406876564026,0.6318697090659823,-0.08610056809016635,12878.657142857142,28.314285714285713,5.612346097452084,0.011885462998789995,0.502998079387639,-0.0001278280172307247,5.612346097452084,0.011885462998789995,,,,35.0
34,EELT,0.074,0.19,0.31,0.45,,,,,,,,,,,,,,,,,,,,,,,,,,,,,,,,,,,,,,,,,,,,,,,,,,,,,,,,,,,,,,,,10406.588235294117,17.470588235294116,2191.764705882353,1027.9411764705883,39.252941176470586,2.298235294117648,0.042905882352941155,39.43294117647059,2.041764705882355,0.042905882352941155,-0.011476026847958565,0.5099211019628188,-0.3206184786908767,10406.588235294117,17.470588235294116,4.680204374169447,0.007900932633388381,0.4615771579063081,-2.3675043920214334e-05,4.680204374169447,0.007900932633388381,,,,17.0
35,DSKY,0.0,-0.05,0.05,0.08,,,,,,,,,,,,,,,,,,,,,,,,,,,,,,,,,,,,,,,,,,,,,,,,,,,,,,,,,,,,,,,,14736.676923076922,21.692307692307693,1686.0115384615385,1182.25,43.46661538461538,-0.030499999999999815,-0.0005196153846153856,43.85303846153847,-0.02899999999999975,-0.0005196153846153856,-0.36367775567162497,0.43600460800987023,0.17569582831974212,14736.676923076922,21.692307692307693,9.397344491441505,0.013545359373218362,0.7427993481200912,-0.00022602638840285685,9.397344491441505,0.013545359373218362,,,,260.0
36,RNFT,0.015,0.02,0.02,0.07,,,,,,,,,,,,,,,,,,,,,,,,,,,,,,,,,,,,,,,,,,,,,,,,,,,,,,,,,,,,,,,,8890.142857142857,10.047619047619047,2258.0,1232.904761904762,35.09285714285714,1.071428571428572,0.028642857142857144,33.91095238095238,-0.8733333333333336,0.028642857142857144,0.0011384366523651717,0.5767910916890416,-0.38845923401060556,8890.142857142857,10.047619047619047,4.024708444780603,0.004359143036176382,0.5916455402194065,-2.6174168189170758e-05,4.024708444780603,0.004359143036176382,,,,21.0
37,SFIN,-0.0289999999999999,-0.03,0.0,0.04,,,,,,,,,,,,,,,,,,,,,,,,,,,,,,,,,,,,,,,,,,,,,,,,,,,,,,,,,,,,,,,,15323.04347826087,19.855072463768117,3055.376811594203,1492.4202898550725,26.706666666666667,-0.16231884057971024,-0.009408695652173907,27.776666666666664,0.49739130434782586,-0.009408695652173907,-0.18883571336450783,0.6255668788284495,-0.1707727995471678,15323.04347826087,19.855072463768117,5.009866708469798,0.006441892281786102,0.5078362391895294,-6.233051556201434e-05,5.009866708469798,0.006441892281786102,,,,69.0
38,NKHP,-0.126,-0.13,-0.3,-0.43,,,,,,,,,,,,,,,,,,,,,,,,,,,,,,,,,,,,,,,,,,,,,,,,,,,,,,,,,,,,,,,,14689.155555555555,30.11111111111111,2701.4,1089.6,29.960222222222225,-0.17533333333333354,0.0013511111111111094,30.426222222222222,0.5693333333333332,0.0013511111111111094,-0.30700802273220484,0.8454407996601528,-0.14304690758387248,14689.155555555555,30.11111111111111,5.594753028693645,0.010841150971426348,0.41300345236963193,-0.00012379923755613634,5.594753028693645,0.010841150971426348,,,,45.0
39,CBOM,0.017,0.02,0.02,0.03,,,,,,,,,,,,,,,,,,,,,,,,,,,,,,,,,,,,,,,,,,,,,,,,,,,,,,,,,,,,,,,,12478.38053097345,26.79646017699115,2657.738938053097,823.3960176991151,42.465575221238936,0.2884513274336284,0.00926172566371681,42.703938053097346,0.2930973451327435,0.00926172566371681,-0.12817836279539904,0.8689574675832307,-0.4170778112205784,12478.38053097345,26.79646017699115,4.595058594481385,0.010333553420938486,0.31233880411693793,-5.32549278955055e-05,4.595058594481385,0.010333553420938486,,,,452.0
40,UWGN,0.0139999999999999,0.04,0.03,0.05,,,,,,,,,,,,,,,,,,,,,,,,,,,,,,,,,,,,,,,,,,,,,,,,,,,,,,,,,,,,,,,,20007.41726618705,69.09712230215827,2919.5251798561153,1334.3111510791366,33.13312949640288,0.17267985611510775,0.007378057553956834,33.387122302158275,-0.019766187050359613,0.007378057553956834,0.008003611048924716,0.593055814241642,-0.41206076741218567,20007.41726618705,69.09712230215827,6.822281931849937,0.02367056727499945,0.4697894294603563,1.761395518173236e-07,6.822281931849937,0.02367056727499945,,,,556.0
41,AGRO,0.0,-0.13,0.19,0.45,,,,,,,,,,,,,,,,,,,,,,,,,,,,,,,,,,,,,,,,,,,,,,,,,,,,,,,,,,,,,,,,15884.079847908744,50.26615969581749,3230.0342205323195,1259.5817490494296,34.628935361216726,-0.11186311787072242,-0.002654752851711029,35.22326996197718,-0.2552851711026614,-0.002654752851711029,-0.1230990248077156,0.7088046204475792,-0.3381715200827262,15884.079847908744,50.26615969581749,4.905586539198842,0.01611376607051231,0.3990983514262606,-3.741273847341966e-05,4.905586539198842,0.01611376607051231,,,,263.0
42,YNDX,-0.244,-0.23,-0.3,-0.2,,,,,,,,,,,,,,,,,,,,,,,,,,,,,,,,,,,,,,,,,,,,,,,,,,,,,,,,,,,,,,,,18751.609130706693,35.95872420262664,3179.8617886178863,1086.2657911194497,37.46861163227017,-0.18015634771732328,-0.00012338961851157153,38.148792995622266,-0.02397123202001243,-0.00012338961851157153,-0.09910607850586786,0.8228543115345257,-0.41530783969286905,18751.609130706693,35.95872420262664,5.814032230850355,0.01151640193399516,0.34608033631129864,-2.946276196692309e-05,5.814032230850355,0.01151640193399516,,,,1599.0
43,QIWI,0.039,0.11,0.41,-0.09,,,,,,,,,,,,,,,,,,,,,,,,,,,,,,,,,,,,,,,,,,,,,,,,,,,,,,,,,,,,,,,,19105.222222222223,33.37472766884532,3518.830065359477,978.1023965141612,32.57344226579521,0.24206971677559935,0.010261002178649241,33.174400871459696,0.489019607843137,0.010261002178649241,-0.14975382054472153,0.5858717112353554,-0.20558199651685416,19105.222222222223,33.37472766884532,5.4233446335742,0.009472031981513572,0.28805081998169035,-4.288013602765556e-05,5.4233446335742,0.009472031981513572,,,,459.0
44,POLY,-0.049,0.07,0.18,-0.08,,,,,,,,,,,,,,,,,,,,,,,,,,,,,,,,,,,,,,,,,,,,,,,,,,,,,,,,,,,,,,,,17493.28196347032,28.044520547945204,3435.1689497716893,1135.0924657534247,35.382602739726025,-0.10234018264840183,0.005275114155251144,35.93416666666667,-0.11574200913241994,0.005275114155251144,-0.1800776375494855,0.6329780506165741,-0.18814888815969638,17493.28196347032,28.044520547945204,5.07112552394484,0.00838346491559557,0.3348720317460264,-5.1490885509477176e-05,5.07112552394484,0.00838346491559557,,,,876.0
45,MOEX,0.0,-0.02,-0.16,0.07,,,,,,,,,,,,,,,,,,,,,,,,,,,,,,,,,,,,,,,,,,,,,,,,,,,,,,,,,,,,,,,,19515.863719400804,32.55078553160394,3580.0485933503837,1118.8372305443916,39.9733631713555,0.15663682864450132,0.003929119473876509,40.35735294117647,0.28008586043112904,0.003929119473876509,-0.13533734272667647,0.6668557648468391,-0.2751769239643019,19515.863719400804,32.55078553160394,5.411759145435693,0.009272273894182729,0.31541792015843806,-3.793859346496008e-05,5.411759145435693,0.009272273894182729,,,,5474.0
